insert into category (id, name, use_yn)
values (1, '상의', true),
       (2, '아우터', true),
       (3, '바지', true),
       (4, '스니커즈', true),
       (5, '가방', true),
       (6, '모자', true),
       (7, '양말', true),
       (8, '액세서리', true);

insert into brand (id, name, use_yn)
values (1, 'A', true),
       (2, 'B', true),
       (3, 'C', true),
       (4, 'D', true),
       (5, 'E', true),
       (6, 'F', true),
       (7, 'G', true),
       (8, 'H', true),
       (9, 'I', true);

insert into product (brand_id, category_id, name, price, use_yn)
values (1, 1, 'A-상의', 11200, true),
       (1, 2, 'A-아우터', 5500, true),
       (1, 3, 'A-바지', 4200, true),
       (1, 4, 'A-스니커즈', 9000, true),
       (1, 5, 'A-가방', 2000, true),
       (1, 6, 'A-모자', 1700, true),
       (1, 7, 'A-양말', 1800, true),
       (1, 8, 'A-액세서리', 2300, true),

       (2, 1, 'B-상의', 10500, true),
       (2, 2, 'B-아우터', 5900, true),
       (2, 3, 'B-바지', 3800, true),
       (2, 4, 'B-스니커즈', 9100, true),
       (2, 5, 'B-가방', 2100, true),
       (2, 6, 'B-모자', 2000, true),
       (2, 7, 'B-양말', 2000, true),
       (2, 8, 'B-액세서리', 2200, true),

       (3, 1, 'C-상의', 10000, true),
       (3, 2, 'C-아우터', 6200, true),
       (3, 3, 'C-바지', 3300, true),
       (3, 4, 'C-스니커즈', 9200, true),
       (3, 5, 'C-가방', 2200, true),
       (3, 6, 'C-모자', 1900, true),
       (3, 7, 'C-양말', 2200, true),
       (3, 8, 'C-액세서리', 2100, true),

       (4, 1, 'D-상의', 10100, true),
       (4, 2, 'D-아우터', 5100, true),
       (4, 3, 'D-바지', 3000, true),
       (4, 4, 'D-스니커즈', 9500, true),
       (4, 5, 'D-가방', 2500, true),
       (4, 6, 'D-모자', 1500, true),
       (4, 7, 'D-양말', 2400, true),
       (4, 8, 'D-액세서리', 2000, true),

       (5, 1, 'E-상의', 10700, true),
       (5, 2, 'E-아우터', 5000, true),
       (5, 3, 'E-바지', 3800, true),
       (5, 4, 'E-스니커즈', 9900, true),
       (5, 5, 'E-가방', 2300, true),
       (5, 6, 'E-모자', 1800, true),
       (5, 7, 'E-양말', 2100, true),
       (5, 8, 'E-액세서리', 2100, true),

       (6, 1, 'F-상의', 11200, true),
       (6, 2, 'F-아우터', 7200, true),
       (6, 3, 'F-바지', 4000, true),
       (6, 4, 'F-스니커즈', 9300, true),
       (6, 5, 'F-가방', 2100, true),
       (6, 6, 'F-모자', 1600, true),
       (6, 7, 'F-양말', 2300, true),
       (6, 8, 'F-액세서리', 1900, true),

       (7, 1, 'G-상의', 10500, true),
       (7, 2, 'G-아우터', 5800, true),
       (7, 3, 'G-바지', 3900, true),
       (7, 4, 'G-스니커즈', 9000, true),
       (7, 5, 'G-가방', 2200, true),
       (7, 6, 'G-모자', 1700, true),
       (7, 7, 'G-양말', 2100, true),
       (7, 8, 'G-액세서리', 2000, true),

       (8, 1, 'H-상의', 10800, true),
       (8, 2, 'H-아우터', 6300, true),
       (8, 3, 'H-바지', 3100, true),
       (8, 4, 'H-스니커즈', 9700, true),
       (8, 5, 'H-가방', 2100, true),
       (8, 6, 'H-모자', 1600, true),
       (8, 7, 'H-양말', 2000, true),
       (8, 8, 'H-액세서리', 2000, true),

       (9, 1, 'I-상의', 11400, true),
       (9, 2, 'I-아우터', 6700, true),
       (9, 3, 'I-바지', 3200, true),
       (9, 4, 'I-스니커즈', 9500, true),
       (9, 5, 'I-가방', 2400, true),
       (9, 6, 'I-모자', 1700, true),
       (9, 7, 'I-양말', 1700, true),
       (9, 8, 'I-액세서리', 2400, true);
